Workbook

Sheet Annahmen
A1: Kostenmodell und zentrale Annahmen
A3: Parameter | B3: Symbol | C3: Wert | D3: Einheit / Hinweis
A4: CEPCI Bezugsjahr | B4: CEPCI_2026 | C4: 840.6 | D4: Bezugsjahr 2026
A5: CEPCI Referenzjahr Peters | B5: CEPCI_2002 | C5: 390.4 | D5: Preisstand Januar 2002
A6: Wechselkurs | B6: EUR/USD | C6: 0.8546 | D6: 1 USD = 0,8546 EUR
A7: CEPCI-/Wechselkursfaktor | B7: k_2002→2026 | C7: =C4/C5*C6 -> 1.8401044 | D7: Multiplikator für USD_2002 → EUR_2026
A8: Materialfaktor Mantel | B8: F_M,shell | C8: 3 | D8: 316 Stainless Steel
A9: Materialfaktor Packung | B9: F_M,packing | C9: 4.2 | D9: 316 Stainless Steel
A10: Druckfaktor | B10: F_p | C10: 1 | D10: p < 10,35 bar; keine Druckkorrektur
A11: Bare-Module-Faktor Kolonnen | B11: F_BM,column | C11: 4.3 | D11: nach Tesch/Guthrie
A12: Bare-Module-Faktor Hauptapparate | B12: f_BM | C12: 2.56 | D12: einheitlicher Näherungswert
A13: PPU-Zuschlag | B13: f_PPU | C13: 0.08 | D13: Luftvorreinigung, analog Tesch
A14: Service Facilities / Architectural Work | B14: f_SF/Arch | C14: 0.25 | D14: auf C_BM,tot
A15: Unvorhergesehenes | B15: f_cont | C15: 0.1 | D15: auf C_BM,tot
A16: Kolonnenhöhe | B16: H_Kolonne | C16: 19.5 | D16: m
A17: Packungshöhe | B17: H_Packung | C17: 15 | D17: m

Sheet Durchmesser
A1: Kolonnendurchmesser aus maximaler Gasbelastung
A3: Variante | B3: Kolonne | C3: n_g,max [kmol/s] | D3: T [K] | E3: p [bar] | F3: V_g [m³/s] | G3: A [m²] | H3: D [m]
A4: Einkolonnenmodell groß | B4: Single | C4: 1.704 | D4: 97 | E4: 6.12 | F4: 2.24 | G4: 3.73 | H4: 2.18
A5: Einkolonnenmodell klein | B5: Single | C5: 0.498 | D5: 96.8 | E5: 6.12 | F5: 0.655 | G5: 1.09 | H5: 1.18
A6: Doppelkolonnenmodell groß | B6: HPC | C6: 0.923 | D6: 96.8 | E6: 6.12 | F6: 1.21 | G6: 2.02 | H6: 1.6
A7: Doppelkolonnenmodell klein | B7: HPC | C7: 0.27 | D7: 96.8 | E7: 6.12 | F7: 0.355 | G7: 0.592 | H7: 0.87
A8: Doppelkolonnenmodell groß | B8: LPC | C8: 0.834 | D8: 88.4 | E8: 3.11 | F8: 1.97 | G8: 3.29 | H8: 2.05
A9: Doppelkolonnenmodell klein | B9: LPC | C9: 0.244 | D9: 88.4 | E9: 3.11 | F9: 0.577 | G9: 0.962 | H9: 1.11

Sheet Kolonnenkosten
A1: Ablesungen und Berechnung der Bare-Module-Kosten der Packungskolonnen
A3: Variante | B3: Kolonne | C3: D gerundet [m] | D3: H Kolonne [m] | E3: H Packung [m] | F3: C_shell,0 abgelesen [USD_2002] | G3: C_packing,0 abgelesen [USD_2002] | H3: F_M,shell | I3: F_M,packing | J3: F_p | K3: C_shell [USD_2002] | L3: C_packing [USD_2002] | M3: C_purchased [USD_2002] | N3: F_BM | O3: C_BM,2002 [USD_2002] | P3: C_BM,2026 [EUR]
A4: Einkolonnenmodell groß | B4: Single | C4: 2.2 | D4: 19.5 | E4: 15 | F4: 70000 | G4: 25000 | H4: 3 | I4: 4.2 | J4: 1 | K4: =F4*H4*J4 -> 210000 | L4: =G4*I4 -> 105000 | M4: =K4+L4 -> 315000 | N4: 4.3 | O4: =M4*N4 -> 1354500 | P4: =O4*Annahmen!$C$7 -> 2492421.4
A5: Einkolonnenmodell klein | B5: Single | C5: 1.2 | D5: 19.5 | E5: 15 | F5: 25000 | G5: 15000 | H5: 3 | I5: 4.2 | J5: 1 | K5: =F5*H5*J5 -> 75000 | L5: =G5*I5 -> 63000 | M5: =K5+L5 -> 138000 | N5: 4.3 | O5: =M5*N5 -> 593400 | P5: =O5*Annahmen!$C$7 -> 1091918
A6: Doppelkolonnenmodell groß | B6: HPC | C6: 1.6 | D6: 19.5 | E6: 15 | F6: 45000 | G6: 18000 | H6: 3 | I6: 4.2 | J6: 1 | K6: =F6*H6*J6 -> 135000 | L6: =G6*I6 -> 75600 | M6: =K6+L6 -> 210600 | N6: 4.3 | O6: =M6*N6 -> 905580 | P6: =O6*Annahmen!$C$7 -> 1666361.7
A7: Doppelkolonnenmodell klein | B7: HPC | C7: 0.9 | D7: 19.5 | E7: 15 | F7: 20000 | G7: 12000 | H7: 3 | I7: 4.2 | J7: 1 | K7: =F7*H7*J7 -> 60000 | L7: =G7*I7 -> 50400 | M7: =K7+L7 -> 110400 | N7: 4.3 | O7: =M7*N7 -> 474720 | P7: =O7*Annahmen!$C$7 -> 873534.36
A8: Doppelkolonnenmodell groß | B8: LPC | C8: 2.1 | D8: 19.5 | E8: 15 | F8: 65000 | G8: 24000 | H8: 3 | I8: 4.2 | J8: 1 | K8: =F8*H8*J8 -> 195000 | L8: =G8*I8 -> 100800 | M8: =K8+L8 -> 295800 | N8: 4.3 | O8: =M8*N8 -> 1271940 | P8: =O8*Annahmen!$C$7 -> 2340502.4
A9: Doppelkolonnenmodell klein | B9: LPC | C9: 1.1 | D9: 19.5 | E9: 15 | F9: 23000 | G9: 14000 | H9: 3 | I9: 4.2 | J9: 1 | K9: =F9*H9*J9 -> 69000 | L9: =G9*I9 -> 58800 | M9: =K9+L9 -> 127800 | N9: 4.3 | O9: =M9*N9 -> 549540 | P9: =O9*Annahmen!$C$7 -> 1011211
A12: Kolonnenblock | B12: Einzel groß | C12: Einzel klein | D12: Doppel groß / klein | F12: Modell | G12: C_BM Kolonnen [EUR] | H12: Quelle/Ablesung | I12: H Kolonne [m] | J12: H Packung [m]
A13: Single | B13: =P4 -> 2492421.4 | C13: =P5 -> 1091918 | D13: - | F13: Einkolonne groß | G13: =P4 -> 2492421.4 | H13: Peters Fig. 15-11/15-14 | I13: 19.5 | J13: 15
A14: HPC | B14: - | C14: - | D14: =P6 & " / " & P7 -> 1666361,74774795 / 873534,363491804 | F14: Einkolonne klein | G14: =P5 -> 1091918 | H14: Peters Fig. 15-11/15-14 | I14: 19.5 | J14: 15
A15: LPC | B15: - | C15: - | D15: =P8 & " / " & P9 -> 2340502,39783402 / 1011210,9751291 | F15: Doppelkolonne groß | G15: =P6+P8 -> 4006864.1 | H15: HPC + LPC | I15: 19.5 | J15: 15
A16: Summe | B16: =P4 -> 2492421.4 | C16: =P5 -> 1091918 | D16: =(P6+P8) & " / " & (P7+P9) -> 4006864,14558197 / 1884745,3386209 | F16: Doppelkolonne klein | G16: =P7+P9 -> 1884745.3 | H16: HPC + LPC | I16: 19.5 | J16: 15

Sheet Hauptapparate_BM
A1: PEC-Basiswerte der Hauptapparate und Überführung in Bare-Module-Kosten
A3: Kostenblock | B3: Komponente | C3: PEC Einzel groß | D3: C_BM Einzel groß | E3: PEC Einzel klein | F3: C_BM Einzel klein | G3: PEC Doppel groß | H3: C_BM Doppel groß | I3: PEC Doppel klein | J3: C_BM Doppel klein
A4: Luftverdichtung | B4: LK1 | C4: 724299 | D4: =IF(C4="","",C4*Annahmen!$C$12) -> 1854205.4 | E4: 411319 | F4: =IF(E4="","",E4*Annahmen!$C$12) -> 1052976.6 | G4: 604007 | H4: =IF(G4="","",G4*Annahmen!$C$12) -> 1546257.9 | I4: 343013 | J4: =IF(I4="","",I4*Annahmen!$C$12) -> 878113.28
A5: Luftverdichtung | B5: LK2 | C5: 746963 | D5: =IF(C5="","",C5*Annahmen!$C$12) -> 1912225.3 | E5: 424190 | F5: =IF(E5="","",E5*Annahmen!$C$12) -> 1085926.4 | G5: 622907 | H5: =IF(G5="","",G5*Annahmen!$C$12) -> 1594641.9 | I5: 353746 | J5: =IF(I5="","",I5*Annahmen!$C$12) -> 905589.76
A6: Produkt-/Prozessverdichtung | B6: PK1 | D6: =IF(C6="","",C6*Annahmen!$C$12) | F6: =IF(E6="","",E6*Annahmen!$C$12) | G6: 323048 | H6: =IF(G6="","",G6*Annahmen!$C$12) -> 827002.88 | I6: 183458 | J6: =IF(I6="","",I6*Annahmen!$C$12) -> 469652.48
A7: Expansion/Kältebereitstellung | B7: TURB/T | C7: 351270 | D7: =IF(C7="","",C7*Annahmen!$C$12) -> 899251.2 | E7: 168690 | F7: =IF(E7="","",E7*Annahmen!$C$12) -> 431846.4 | G7: 146272 | H7: =IF(G7="","",G7*Annahmen!$C$12) -> 374456.32 | I7: 70245 | J7: =IF(I7="","",I7*Annahmen!$C$12) -> 179827.2
A8: Zwischenkühlung | B8: ZK1 | C8: 45128 | D8: =IF(C8="","",C8*Annahmen!$C$12) -> 115527.68 | E8: 16894 | F8: =IF(E8="","",E8*Annahmen!$C$12) -> 43248.64 | G8: 32200 | H8: =IF(G8="","",G8*Annahmen!$C$12) -> 82432 | I8: 13033 | J8: =IF(I8="","",I8*Annahmen!$C$12) -> 33364.48
A9: Zwischenkühlung | B9: ZK2 | C9: 51645 | D9: =IF(C9="","",C9*Annahmen!$C$12) -> 132211.2 | E9: 18853 | F9: =IF(E9="","",E9*Annahmen!$C$12) -> 48263.68 | G9: 36649 | H9: =IF(G9="","",G9*Annahmen!$C$12) -> 93821.44 | I9: 14358 | J9: =IF(I9="","",I9*Annahmen!$C$12) -> 36756.48
A10: Hauptwärmeübertrager | B10: MH/MW | C10: 540815 | D10: =IF(C10="","",C10*Annahmen!$C$12) -> 1384486.4 | E10: 146614 | F10: =IF(E10="","",E10*Annahmen!$C$12) -> 375331.84 | G10: 6509799 | H10: =IF(G10="","",G10*Annahmen!$C$12) -> 16665085 | I10: 323132 | J10: =IF(I10="","",I10*Annahmen!$C$12) -> 827217.92
A11: Reboiler/Kondensator | B11: RECO/RC | C11: 2066751 | D11: =IF(C11="","",C11*Annahmen!$C$12) -> 5290882.6 | E11: 222020 | F11: =IF(E11="","",E11*Annahmen!$C$12) -> 568371.2 | G11: 1572472 | H11: =IF(G11="","",G11*Annahmen!$C$12) -> 4025528.3 | I11: 205383 | J11: =IF(I11="","",I11*Annahmen!$C$12) -> 525780.48
A12: Reboiler/Kondensator | B12: RC2 | D12: =IF(C12="","",C12*Annahmen!$C$12) | F12: =IF(E12="","",E12*Annahmen!$C$12) | G12: 1041781 | H12: =IF(G12="","",G12*Annahmen!$C$12) -> 2666959.4 | I12: 182364 | J12: =IF(I12="","",I12*Annahmen!$C$12) -> 466851.84
A14: Summe | C14: =SUM(C4:C12) -> 4526871 | D14: =SUM(D4:D12) -> 11588790 | E14: =SUM(E4:E12) -> 1408580 | F14: =SUM(F4:F12) -> 3605964.8 | G14: =SUM(G4:G12) -> 10889135 | H14: =SUM(H4:H12) -> 27876186 | I14: =SUM(I4:I12) -> 1688732 | J14: =SUM(J4:J12) -> 4323153.9

Sheet Investitionen
A1: Zusammenführung der Bare-Module-Kosten und Berechnung des FCI
A3: Kostenposition | B3: Einzel groß | C3: Einzel klein | D3: Doppel groß | E3: Doppel klein
A4: Bare-Module-Kosten Hauptapparate | B4: =Hauptapparate_BM!D14 -> 11588790 | C4: =Hauptapparate_BM!F14 -> 3605964.8 | D4: =Hauptapparate_BM!H14 -> 27876186 | E4: =Hauptapparate_BM!J14 -> 4323153.9
A5: Kolonnenblock | B5: =Kolonnenkosten!P4 -> 2492421.4 | C5: =Kolonnenkosten!P5 -> 1091918 | D5: =Kolonnenkosten!P6+Kolonnenkosten!P8 -> 4006864.1 | E5: =Kolonnenkosten!P7+Kolonnenkosten!P9 -> 1884745.3
A6: Summe ohne Luftvorreinigung | B6: =B4+B5 -> 14081211 | C6: =C4+C5 -> 4697882.8 | D6: =D4+D5 -> 31883050 | E6: =E4+E5 -> 6207899.3
A7: Luftvorreinigung (8 %) | B7: =B6*Annahmen!$C$13 -> 1126496.9 | C7: =C6*Annahmen!$C$13 -> 375830.62 | D7: =D6*Annahmen!$C$13 -> 2550644 | E7: =E6*Annahmen!$C$13 -> 496631.94
A8: Summe Bare-Module-Kosten C_BM,tot | B8: =B6+B7 -> 15207708 | C8: =C6+C7 -> 5073713.4 | D8: =D6+D7 -> 34433694 | E8: =E6+E7 -> 6704531.2
A9: Service Facilities / Architectural Work (25 %) | B9: =B8*Annahmen!$C$14 -> 3801927 | C9: =C8*Annahmen!$C$14 -> 1268428.3 | D9: =D8*Annahmen!$C$14 -> 8608423.4 | E9: =E8*Annahmen!$C$14 -> 1676132.8
A10: Unvorhergesehenes (10 %) | B10: =B8*Annahmen!$C$15 -> 1520770.8 | C10: =C8*Annahmen!$C$15 -> 507371.34 | D10: =D8*Annahmen!$C$15 -> 3443369.4 | E10: =E8*Annahmen!$C$15 -> 670453.12
A11: Fixed Capital Investment FCI | B11: =B8+B9+B10 -> 20530406 | C11: =C8+C9+C10 -> 6849513.1 | D11: =D8+D9+D10 -> 46485487 | E11: =E8+E9+E10 -> 9051117.1
A12: TCI ≈ FCI | B12: =B11 -> 20530406 | C12: =C11 -> 6849513.1 | D12: =D11 -> 46485487 | E12: =E11 -> 9051117.1

Sheet Übersicht
A1: Übersicht der Kolonnenablesungen und Investitionskosten
A3: Variante | B3: Kolonnenblock [EUR] | C3: Hauptapparate C_BM [EUR] | D3: C_BM,tot inkl. PPU [EUR] | E3: FCI / TCI [EUR]
A4: Einkolonnenmodell groß | B4: =Investitionen!B5 -> 2492421.4 | C4: =Investitionen!B4 -> 11588790 | D4: =Investitionen!B8 -> 15207708 | E4: =Investitionen!B11 -> 20530406
A5: Einkolonnenmodell klein | B5: =Investitionen!C5 -> 1091918 | C5: =Investitionen!C4 -> 3605964.8 | D5: =Investitionen!C8 -> 5073713.4 | E5: =Investitionen!C11 -> 6849513.1
A6: Doppelkolonnenmodell groß | B6: =Investitionen!D5 -> 4006864.1 | C6: =Investitionen!D4 -> 27876186 | D6: =Investitionen!D8 -> 34433694 | E6: =Investitionen!D11 -> 46485487
A7: Doppelkolonnenmodell klein | B7: =Investitionen!E5 -> 1884745.3 | C7: =Investitionen!E4 -> 4323153.9 | D7: =Investitionen!E8 -> 6704531.2 | E7: =Investitionen!E11 -> 9051117.1
A10: Kolonne | B10: D [m] | C10: C_shell,0 [USD_2002] | D10: C_packing,0 [USD_2002] | E10: C_BM,2026 [EUR]
A11: =Kolonnenkosten!A4&" - "&Kolonnenkosten!B4 -> Einkolonnenmodell groß - Single | B11: =Kolonnenkosten!C4 -> 2.2 | C11: =Kolonnenkosten!F4 -> 70000 | D11: =Kolonnenkosten!G4 -> 25000 | E11: =Kolonnenkosten!P4 -> 2492421.4
A12: =Kolonnenkosten!A5&" - "&Kolonnenkosten!B5 -> Einkolonnenmodell klein - Single | B12: =Kolonnenkosten!C5 -> 1.2 | C12: =Kolonnenkosten!F5 -> 25000 | D12: =Kolonnenkosten!G5 -> 15000 | E12: =Kolonnenkosten!P5 -> 1091918
A13: =Kolonnenkosten!A6&" - "&Kolonnenkosten!B6 -> Doppelkolonnenmodell groß - HPC | B13: =Kolonnenkosten!C6 -> 1.6 | C13: =Kolonnenkosten!F6 -> 45000 | D13: =Kolonnenkosten!G6 -> 18000 | E13: =Kolonnenkosten!P6 -> 1666361.7
A14: =Kolonnenkosten!A7&" - "&Kolonnenkosten!B7 -> Doppelkolonnenmodell klein - HPC | B14: =Kolonnenkosten!C7 -> 0.9 | C14: =Kolonnenkosten!F7 -> 20000 | D14: =Kolonnenkosten!G7 -> 12000 | E14: =Kolonnenkosten!P7 -> 873534.36
A15: =Kolonnenkosten!A8&" - "&Kolonnenkosten!B8 -> Doppelkolonnenmodell groß - LPC | B15: =Kolonnenkosten!C8 -> 2.1 | C15: =Kolonnenkosten!F8 -> 65000 | D15: =Kolonnenkosten!G8 -> 24000 | E15: =Kolonnenkosten!P8 -> 2340502.4
A16: =Kolonnenkosten!A9&" - "&Kolonnenkosten!B9 -> Doppelkolonnenmodell klein - LPC | B16: =Kolonnenkosten!C9 -> 1.1 | C16: =Kolonnenkosten!F9 -> 23000 | D16: =Kolonnenkosten!G9 -> 14000 | E16: =Kolonnenkosten!P9 -> 1011211
